x1,x2,Label
0.936136606,-0.925946037,1
0.628923939,0.101533889,0
-0.719540887,-0.317699219,0
-0.931620857,-1.06044938,1
0.646028134,-1.206121972,1
-0.533533695,-0.27509321,0
0.904357415,0.920175088,1
0.958836478,-0.923358593,1
1.274950599,0.022025784,1
0.398880752,0.415093387,0
-0.418112747,1.236064756,1
-0.461865556,0.457437544,0
-1.167255119,-0.541189265,1
0.521321709,-0.150704531,0
-0.225821609,0.782288692,0
-0.49387167,0.145149403,0
-0.315628585,-0.36551026,0
-0.116671107,-1.271821912,1
-0.571353949,0.537116007,0
0.981382,0.899581867,1
1.312847149,-0.385379131,1
1.113078114,-0.807055989,1
-0.56345065,1.209348618,1
0.872274952,0.899916092,1
-0.398742046,0.508799418,0
-1.099978686,-0.757767999,1
-0.139070406,1.318296849,1
0.897191351,0.196658191,0
-0.601596591,-0.743927475,0
0.811194683,-1.138709893,1
0.549540107,0.485229409,0
-0.123289171,0.720590374,0
-0.106902737,-1.267560814,1
-0.223093111,1.24818392,1
-0.768759445,1.083121254,1
0.328814215,0.653812023,0
-0.81170936,-0.012026583,0
0.840724105,0.902337377,1
0.009743172,-0.723464431,0
-0.842385418,-0.440037583,0
-0.829598774,-1.108383134,1
-0.536939879,-0.796947522,0
-0.691104866,-1.203091052,1
-0.009802225,-0.585084165,0
0.064349746,-0.001675318,0
0.785430789,-0.160922057,0
-0.126314543,1.391033172,1
0.956806255,0.995131641,1
0.287026724,-0.051059463,0
0.173393137,-1.28511501,1
-1.054184554,-0.845550007,1
0.472350092,1.178319671,1
-0.977610191,-0.902459708,1
0.161133972,0.758112431,0
0.1322353,-0.202518429,0
-0.300219889,1.214642202,1
0.333752012,-0.082901948,0
0.51181992,0.082592727,0
-1.226470411,-0.137851506,1
-0.290666191,-0.759194642,0
0.5583192,0.742545366,0
0.05488787,-0.167500193,0
0.913109243,-0.84059226,1
0.524111025,-1.108794805,1
-0.345078621,0.875951917,0
1.196848702,-0.454384023,1
0.058505941,-0.306938302,0
-0.225295624,-0.733254991,0
1.204153169,-0.279163163,1
-0.764990777,-1.08591181,1
0.22961454,-0.219636314,0
-0.353216681,0.681942811,0
0.954174456,0.03192263,0
0.967415084,0.983330047,1
-0.808567067,1.101335415,1
0.125332181,0.13015145,0
-0.808489582,1.045549342,1
0.3661568,0.806759545,0
0.96376894,0.97452403,1
0.390865534,-1.306908178,1
-1.165923851,-0.541870161,1
-0.09141723,0.642032909,0
0.934607172,0.870867148,1
-0.096951207,-0.441261264,0
1.213461219,-0.509110666,1
0.756838604,-0.272970803,0
-0.218669312,0.298989854,0
-1.162585344,-0.707570771,1
-0.28923642,1.25990366,1
-0.737779043,1.18318638,1
1.138455668,0.831901073,1
0.311940057,0.178982479,0
-1.111757079,-0.694009865,1
-0.716238946,0.328339402,0
-0.103235975,0.729159615,0
-0.610386588,-1.202191451,1
-0.810213044,-0.150148451,0
0.503780786,0.489594339,0
0.356868986,0.662653834,0
-0.077763511,-0.421990502,0
1.210904966,-0.623048338,1
0.183060691,-0.720131312,0
0.19324533,0.895891574,0
-0.004005512,0.098316652,0
-0.740567351,0.480673423,0
0.566412124,-0.373103867,0
-0.899135028,-0.88153689,1
-0.990948525,0.932569778,1
-0.005180067,-0.923452062,0
0.739441622,1.164760363,1
-0.933309062,-0.819616925,1
-0.003466403,-0.006211758,0
0.057422382,-0.921930727,0
0.177602461,0.398589497,0
0.195476764,0.720165803,0
0.06001882,0.866749897,0
-0.322006136,0.389598994,0
0.2089721,-1.387061647,1
0.366362911,-1.23784612,1
-0.633293224,0.427488069,0
-1.119896475,-0.532027112,1
0.331665239,0.152234013,0
1.22437987,-0.092013909,1
-0.522028762,0.557350806,0
-1.253704902,-0.025624057,1
-0.623047803,-1.200230385,1
-0.068404394,-1.241557694,1
0.959460857,0.897744809,1
-1.290113163,0.269903831,1
-1.049286894,-0.787808987,1
1.184729887,-0.434600604,1
0.958003411,0.907001301,1
0.869537321,-0.885042678,1
-0.886931148,-0.938202156,1
-1.236562717,0.282623311,1
0.319323003,-0.161313422,0
1.0972872,0.795064186,1
0.399026997,-1.296705106,1
-1.092470827,-0.581068578,1
0.966982787,-0.19451504,0
-0.706321091,0.080697287,0
-1.285786419,-0.3630543,1
-1.21566702,-0.523275908,1
0.913765867,0.949936767,1
-1.044504275,0.83858616,1
-0.940052718,0.123796548,0
0.551792515,0.583570619,0
0.098222632,-1.276679201,1
-0.545076966,0.032242659,0
1.193640826,-0.671977198,1
-0.439603495,-0.670364275,0
0.995937252,0.962720492,1
0.309240854,-0.04707998,0
0.951799462,-0.872591461,1
0.991787789,0.83811953,1
-0.718855828,-1.111400524,1
0.316450693,-0.897588384,0
0.993432497,0.872495781,1
0.321467708,-0.04269309,0
-0.714130845,0.512147688,0
-0.29648491,1.214307328,1
0.108429505,-0.101994222,0
-0.197906507,-0.538826795,0
0.713589309,0.997444784,1
0.533688759,-1.128802948,1
0.177123754,0.829643386,0
0.20651552,-0.568412915,0
-0.688611243,-0.186930276,0
0.237060727,-1.279831951,1
-0.585112848,1.246479391,1
0.972289133,0.995205594,1
-0.122525079,0.104930604,0
0.919839286,0.946979312,1
-0.717697125,0.668063675,0
0.746313428,0.010336618,0
0.628781593,-0.605323902,0
0.828380407,-0.398176782,0
0.429182995,-1.224955311,1
0.018611632,-1.325962299,1
-0.623681372,-0.753392115,0
0.298243972,0.046351265,0
-1.244511996,0.52544311,1
0.920445978,0.898729732,1
-0.793685444,-0.55018523,0
-0.278383262,-1.252777707,1
0.004132484,-1.387305512,1
-1.336613474,-0.389803478,1
0.698304498,-1.126434375,1
0.168719441,-0.790658647,0
-0.291436066,-1.211258088,1
0.969680015,0.846608072,1
-1.337870155,-0.133295185,1
0.270294332,0.208461359,0
0.762172905,-0.511711471,0
-0.092301831,-1.262170505,1
-0.845927631,-1.132880337,1
-0.385123979,0.117514108,0
-1.165235156,-0.706861121,1
0.68156043,0.463260579,0
-1.199943366,-0.395386079,1
0.786271663,-0.25645641,0
-0.749678766,1.016370467,1
-1.052409594,-0.688413353,1
0.810281206,-1.040197521,1
0.794657885,0.577394197,0
-1.360814484,0.380922613,1
0.670230815,-0.247815914,0
-0.706418666,-0.390488017,0
0.911788616,0.836503373,1
0.882972161,0.920794274,1
-0.467655889,-0.479231337,0
0.958611382,0.976703274,1
-0.884690626,-0.979452861,1
0.569218417,-0.332620153,0
0.714352888,-0.61630026,0
0.244165287,0.295507251,0
0.019524477,-0.614229153,0
-0.456169513,-0.826927857,0
0.955856428,0.821289183,1
-0.623657056,-0.479381802,0
-0.337019578,-0.223631307,0
-0.460861325,-0.772908068,0
-1.271336597,0.607542126,1
-0.345658731,0.871805967,0
0.456057667,0.101669394,0
0.494260697,-0.353586239,0
-0.760664751,-1.166933786,1
-0.746694888,0.975519211,1
-0.158171716,-1.256864619,1
-1.32115033,0.504221286,1
-0.064742215,-1.267825756,1
0.417028952,0.205975516,0
-0.42227722,-1.253382534,1
0.107888905,0.182227506,0
0.513512167,-1.215201611,1
0.988450035,0.940946146,1
-0.208948934,-0.602500682,0
0.34328789,0.936027327,0
-1.188258505,-0.375851555,1
0.823574474,0.175009737,0
-1.152343264,0.782374483,1
-0.878614269,0.202014139,0
0.239318882,-0.87856308,0
-0.650124046,-0.72362087,0
0.982416245,0.86768706,1
0.881871652,0.976518759,1
-0.057416443,-0.166783364,0
0.498334541,-0.346082753,0
-0.320656742,-0.606632235,0
0.181062577,-0.54079724,0
-0.148120605,0.542831709,0
0.882203258,0.86866692,1
1.110899255,-0.626478643,1
-0.406896408,0.802136048,0
0.884153058,0.09427839,0
0.025134986,0.421112254,0
1.098476251,-0.816129329,1
0.590608653,0.660437966,0
0.997234829,0.99168053,1
-0.364521593,-0.755487234,0
0.175812759,-0.158239479,0
-0.992952109,0.850172095,1
-0.927577663,0.121309548,0
0.789363944,0.367652918,0
0.124872759,0.024434016,0
-0.385774123,-1.291290883,1
-0.204195025,-1.339476154,1
-0.952743181,0.833349088,1
0.976914793,0.911452736,1
-0.309653046,-1.329276723,1
0.555359609,-1.098537485,1
0.111937932,-0.7566776,0
-0.785946734,1.075076925,1
0.423109385,0.655573175,0
-0.171443395,0.904679969,0
0.530111703,-0.747860458,0
-0.118346464,0.302277998,0
0.777144546,0.962254533,1
-1.06383346,0.778828729,1
-0.59307032,-0.121466325,0
-0.23947743,0.480411207,0
0.092352339,0.007820294,0
0.769812152,0.976915018,1
1.082532665,-0.726546855,1
0.154369805,0.381345204,0
-0.603388047,-1.105734529,1
-0.537512542,-0.721961701,0
-0.265559653,0.457762789,0
-0.385850138,0.086479106,0
0.899520102,0.892585781,1
0.833417505,-0.058794028,0
1.176929788,-0.567437126,1
1.023309628,-0.71417365,1
0.413287265,-1.273018595,1
-0.147171621,1.396742123,1
1.245743895,-0.242865442,1
1.141368823,-0.583800829,1
-1.108463587,0.521058636,1
0.123083748,0.205494171,0
0.449513219,-1.31138805,1
0.943917341,0.941161574,1
1.126296119,-0.617863981,1
0.751380661,-0.593925321,0
0.986001326,0.840995307,1
-0.445949058,1.205114928,1
-0.532777974,-1.266935914,1
-1.216935099,-0.457823608,1
0.703740487,-0.561426962,0
0.939502507,-0.963286744,1
-0.35614804,1.202090623,1
0.794732152,0.98110178,1
-0.385811357,0.083407914,0
-0.790074669,-1.0205633,1
0.868361019,0.948097085,1
0.634739531,-1.250628282,1
0.971115796,0.878723658,1
0.866930292,0.08623453,0
-1.193838411,-0.410055111,1
-0.918368516,0.81681585,1
1.236924817,-0.437208091,1
-0.618108995,0.659096715,0
0.926309271,0.943894095,1
-1.096223459,-0.689917451,1
-0.354372539,-0.110632125,0
-0.190047395,-0.413200369,0
0.441372462,-0.337857659,0
-1.298820881,0.271394369,1
0.844088852,-1.067185394,1
-0.19738425,-0.949515332,0
0.994051584,0.762455001,1
-0.626947292,-0.55351159,0
0.756509544,0.413900749,0
0.8693398,-0.427203926,0
-0.502890968,0.522515803,0
0.652744342,-0.579744199,0
-0.053448332,-0.341664064,0
0.435676327,-0.288453234,0
0.564171335,-0.333508091,0
0.042297798,0.972958334,0
0.573709765,0.05207789,0
0.642060828,0.419048294,0
0.806647284,0.998027833,1
-0.15165856,0.67192828,0
1.021034474,-0.912565813,1
0.334556318,-1.228669552,1
0.125622814,-0.90993351,0
0.212030843,0.077346808,0
0.814295978,0.927432268,1
-1.193166062,-0.384007721,1
0.973105726,0.92710853,1
0.78452312,-0.053691595,0
0.893632696,0.05479179,0
0.008000001,-1.340888156,1
-0.360706167,0.236864603,0
0.974755066,0.8234554,1
-1.137790583,0.582533024,1
1.187266316,-0.662661155,1
-1.20491665,-0.45234187,1
0.491584798,-0.62674811,0
-0.881858056,0.901232008,1
-0.551930916,-0.087758216,0
-0.468638039,0.874491798,0
0.188921419,-0.717773058,0
0.85684091,-0.412557392,0
-0.473060496,0.822847265,0
0.30366138,0.046191556,0
-0.506276378,-0.300103594,0
0.464619925,-1.325646356,1
0.969328361,0.821791436,1
0.346448761,0.886543862,0
-1.208725895,-0.590596483,1
0.801910781,0.95802174,1
-0.190103913,-0.577409192,0
0.905964289,0.924317327,1
-0.487549938,0.147366777,0
-0.583456271,-0.599567318,0
-0.210567215,-1.284622382,1
-0.683698129,-1.120709005,1
0.739264681,-0.045160587,0
-0.251405131,-0.915702147,0
0.157441742,-1.222608258,1
-0.560045266,-1.18863104,1
-0.690631099,-0.586801998,0
-0.55720873,-0.494776635,0
-0.242032186,1.258292155,1
0.02999195,0.535664191,0
-1.227702996,-0.276965519,1
-0.558187965,-1.279736662,1
0.522135972,-1.195287441,1
-0.856075302,-0.284259679,0
-0.489742154,0.269925431,0
-1.29073617,0.222206951,1
-0.778458512,-0.966470714,1
-0.733937187,0.42886573,0
-0.091175605,0.35138342,0
-1.260530735,0.262172164,1
-1.296905445,0.403588838,1
-0.510688991,0.404022338,0
-0.982926367,-0.908529687,1
0.781931967,0.100606322,0
1.337737112,-0.216712083,1
-0.155243541,0.094182984,0
-0.340918511,-0.043624709,0
0.968954667,0.916527726,1
-0.370408195,-0.137135893,0
0.042609084,-1.332798109,1
0.908442992,0.835800785,1
-0.531169408,0.63063036,0
-0.029807478,-0.187307304,0
-1.347180663,-0.203492756,1
0.291447397,-1.292001753,1
-0.412104863,1.22618271,1
-0.54652798,-0.239877172,0
0.394008218,1.166758856,1
0.712499251,-0.454993306,0
-0.631923415,0.270988864,0
0.682186378,-1.196448029,1
0.047554673,0.348784809,0
-0.422575727,0.124165561,0
-0.555027504,1.210416177,1
0.349410853,-0.467333339,0
-1.133485231,0.599706303,1
-0.549972242,1.219028903,1
0.699634212,-0.318305219,0
0.966373304,0.830161102,1
0.009802252,0.843213338,0
-0.802398905,-0.019615677,0
1.362777605,-0.128124641,1
0.702702307,0.153590377,0
-1.016782213,-0.789704162,1
0.147370938,-0.826407483,0
1.177463586,0.770801321,1
-0.259092313,-0.937145122,0
0.217732068,0.125654587,0
0.564352794,-0.274413857,0
-0.636428892,-0.008843137,0
0.557295156,0.772495067,0
0.740032328,0.234826915,0
-1.30746699,0.301542165,1
-1.275620556,-0.295649905,1
-0.382597146,-0.593469282,0
1.033744953,-0.941654909,1
0.220651872,-1.376169956,1
-0.790362419,-0.12908409,0
1.192179747,-0.377739323,1
0.900137792,-0.187382395,0
-0.339947711,0.198308295,0
0.476275529,-0.841160784,0
-0.481488679,1.142705312,1
-1.264357551,0.591874905,1
-0.802763309,0.237112805,0
-0.539606722,0.821150159,0
0.080862423,0.777240537,0
-0.376054664,0.124721592,0
-0.115297531,-0.61238041,0
0.728267324,-0.107641638,0
-0.58068767,-0.381793577,0
0.297346816,0.062045221,0
0.994039642,0.787268282,1
-0.723909082,-0.425893053,0
-0.824790521,-0.989803392,1
0.291570318,0.603533439,0
0.981970902,0.988712776,1
0.502834223,-0.381236777,0
-0.801601203,-0.449543375,0
0.256108041,-0.147540739,0
0.231694525,-0.289819897,0
1.348435012,-0.15063564,1
0.432762525,-0.481777489,0
-0.63920574,1.071193859,1
-0.715312856,-1.036608722,1
0.711128551,0.624572917,0
-0.21972423,-0.89436868,0
0.626652111,-0.118858762,0
0.025228181,0.842206612,0
-0.809693423,-1.109278383,1
1.202037521,-0.517653198,1
0.200046151,-0.257875959,0
0.673701468,-1.124032585,1
-0.201997612,0.393649428,0
-0.264813365,-0.030963384,0
0.994226483,0.84326071,1
-0.732185576,-0.428437885,0
1.044343205,-0.738153941,1
-0.621131529,-1.256244436,1
0.73367534,-0.147922396,0
-0.037517249,-1.349647194,1
0.137762893,0.836722782,0
0.08750035,0.640116548,0
-0.122895702,0.643765096,0
-0.216603892,0.329242475,0
1.051428389,0.880208524,1
-0.321120077,-0.864888776,0
0.401653627,-0.365606821,0
-0.335627998,0.510313418,0
0.535801056,0.445183165,0
0.208946674,0.905153559,0
-0.495955171,0.20572482,0
0.788659292,-1.153559731,1
-0.61399832,0.295034817,0
0.561959172,-0.429429174,0
-0.021593698,-0.393911403,0
-0.43507569,-0.32649532,0
-0.178253092,-0.336412844,0
0.257478264,-0.037904151,0
0.432499816,-1.209047116,1
-0.162911897,-0.842670928,0
0.916471137,-0.99605899,1
0.963340146,0.924838222,1
-0.348187012,-0.149855239,0
-0.118563825,-0.518865871,0
0.814914793,-0.935611614,1
0.750520056,0.583533174,0
0.095679678,-0.592727935,0
0.952830712,0.99249667,1
0.722922525,0.531209294,0
-0.109177969,0.397330053,0
0.842400604,-0.136072051,0
-0.662350812,-1.169311272,1
0.921145431,0.815918179,1
0.885762137,-0.429967434,0
0.645664705,-0.574184087,0
0.385500469,-1.315306438,1
0.481277971,-0.750892764,0
-0.359517285,0.880007582,0
0.433012854,-1.299065143,1
0.557788967,0.31342899,0
-0.623322233,-0.607211745,0
1.137608365,-0.780821591,1
-0.585115661,-0.663239236,0
-1.124980576,-0.554022239,1
-0.133386783,-0.065776104,0
-1.004471732,0.811077,1
1.303729621,-0.182026922,1
-0.948070883,-0.109798467,0
0.740625815,0.976817391,1
1.352139474,-0.297640045,1
0.402183985,0.620671947,0
-1.346262812,0.242381506,1
0.991788634,0.796762105,1
0.317427864,0.814539773,0
1.281602683,-0.556834741,1
-1.085975044,0.762664361,1
-0.496239682,0.287395865,0
-0.832444686,1.028959409,1
0.416238913,-0.058241484,0
-0.266168793,0.227498976,0
0.242486559,0.053754392,0
0.196925896,-0.396124498,0
0.939800988,0.997468661,1
0.520895781,-0.442766585,0
0.77819458,-1.074487736,1
1.102978734,-0.714058001,1
0.287849345,0.414522539,0
-1.36779824,0.118923937,1
-0.313229286,-0.866862797,0
0.908033804,0.949822598,1
-0.264114968,-1.304465793,1
0.223902356,-0.79246027,0
-0.91221498,0.889381406,1
-0.190434281,-0.737638415,0
-1.278691928,0.501737357,1
-1.185302382,-0.727169086,1
0.208783994,-0.649527258,0
1.134747215,-0.822470373,1
-0.694634662,1.133783016,1
-0.111277093,1.308825927,1
0.137546595,0.390004914,0
0.749131463,0.583185731,0
-0.38984187,0.820204097,0
0.388271631,0.551778532,0
-0.697353774,-1.150426632,1
1.230271986,0.357117791,1
0.673294914,0.429564459,0
-1.34997151,-0.372384868,1
0.964236661,0.968373233,1
-0.452256054,1.257530601,1
0.133931251,0.030889549,0
0.26927998,-1.309757287,1
-1.311139481,0.354348645,1
0.784727088,0.997968858,1
0.274937745,-0.29653436,0
0.396520793,0.061590667,0
-1.103814735,-0.638276029,1
0.715941665,-0.112607102,0
-0.339634878,-1.300063058,1
-1.347356696,0.204518968,1
0.695592016,-1.199129578,1
0.463355089,-0.248047191,0
-0.489708306,-1.140280385,1
-0.463022343,-1.325441633,1
1.34164029,-0.249052082,1
-0.936205944,0.342851425,0
0.623716413,0.236444933,0
-0.748235665,0.644842466,0
0.896840941,0.981687137,1
-0.462127662,0.308039777,0
-0.124307542,-1.402044913,1
-1.378024497,-0.227215029,1
-0.616509513,1.235496736,1
-0.300157617,-0.26145097,0
-0.266020083,-0.710825327,0
-1.332637395,-0.352374964,1
0.841535268,0.977147151,1
0.958234837,0.820770398,1
0.867016022,-0.888087525,1
-1.216783101,-0.150389668,1
0.04061989,-1.33110275,1
0.976523786,0.913286316,1
0.963200643,0.973610526,1
0.470624716,0.560713411,0
-0.82453667,-0.962876349,1
-1.241459202,0.533493411,1
-0.678457323,-1.127896543,1
0.267653474,-1.337617281,1
0.272621809,-1.357485575,1
0.685028473,0.597941635,0
0.979699105,-0.884609975,1
0.73317792,-0.126274847,0
0.627346502,0.021649815,0
0.989338534,0.795481389,1
-1.24664267,0.549419029,1
0.938971316,0.92200011,1
-0.216313199,1.359387893,1
-1.1541217,0.724977833,1
-0.280993324,-0.600656352,0
0.335848975,0.17566903,0
-0.184423581,0.243305325,0
-0.792315235,-0.435645347,0
0.997216931,0.972331332,1
0.281866856,0.538596678,0
0.514795047,-0.535995329,0
-0.903047864,0.328217296,0
0.218784424,1.288825824,1
-0.14044691,-0.645141353,0
0.128104036,-0.81735384,0
-0.43680592,-0.211738286,0
0.925929305,0.8988776,1
-0.872009578,0.048596626,0
-0.003655873,0.794032678,0
0.441695371,-1.144895076,1
-0.365746157,1.315683281,1
-1.239437225,0.235303856,1
1.256183514,-0.316287974,1
-1.018421513,-0.932565191,1
0.120187018,0.525045165,0
1.021472357,0.790672388,1
-0.509899472,-0.574701604,0
0.443995784,-0.322728212,0
-1.211387055,0.41848076,1
-0.214860131,-0.648588245,0
0.021116613,-0.468057746,0
-0.086463655,0.715166701,0
-1.202430908,0.682019437,1
-1.290266514,-0.114627761,1
1.374565437,-0.0470116,1
0.654367712,-0.727021465,0
0.137948572,-1.352865056,1
0.991878633,0.933658048,1
0.799026845,-0.498473895,0
0.076096353,-0.382895485,0
-0.589866085,-0.076465115,0
-0.57419748,-1.147491285,1
0.882277891,-1.033403477,1
0.785558989,0.513377419,0
0.969189663,0.812618315,1
-0.098466243,0.905742352,0
-0.264906238,-0.741291629,0
0.678007652,-1.156131364,1
-0.147953569,1.281780106,1
0.939141706,0.301306065,0
-0.869575988,-0.30748533,0
0.973158881,0.878805204,1
0.753051018,-1.059126995,1
-0.243017336,0.725808516,0
0.373841283,-0.922907798,0
0.987628222,0.832072973,1
-1.381337165,0.094570181,1
-0.289313295,-0.645705188,0
-0.859075916,0.988605842,1
0.860384491,0.924489006,1
-0.764623852,0.333836793,0
-0.602279607,-0.55812304,0
-1.101722923,0.662548235,1
0.429460455,-0.542541673,0
-0.341099619,-0.449299314,0
-0.66399788,0.622507605,0
-1.30912605,-0.155522975,1
-0.735286887,1.169417447,1
-0.666876918,-0.111142037,0
0.108817938,0.631766374,0
0.928594215,0.879269198,1
0.061425658,-1.256776641,1
-0.650335491,-1.072268101,1
0.781377052,0.287976976,0
-1.001803074,-0.988041008,1
0.743688341,0.105920417,0
0.928012502,-1.007151927,1
-1.32691695,-0.046058994,1
1.25154163,0.12587929,1
-0.486586637,1.262509339,1
0.793135352,0.998739548,1
0.949597734,0.896468624,1
0.238078513,-0.426860456,0
-0.065154491,-0.332520186,0
-0.269188529,-0.554009937,0
-1.161685643,-0.53118418,1
0.501282913,0.431721172,0
-0.576035005,0.355750247,0
-0.498157654,1.23638217,1
-0.23297379,1.323153781,1
-0.61740044,0.101912287,0
0.086202687,-0.781467568,0
0.390854753,0.054616615,0
-0.424506636,0.729120296,0
-0.76258632,1.12178834,1
-1.344010767,0.344871162,1
1.053392078,-0.760013008,1
0.905357642,0.883897263,1
-0.245241567,0.552979331,0
0.678657974,1.238647765,1
0.646020021,-1.115959187,1
-1.012570556,0.795943521,1
0.73966767,-1.120048523,1
-1.167246833,0.535426555,1
-0.506596585,0.553309455,0
-1.206330174,0.51551753,1
-0.837243314,0.263478505,0
-0.018461311,0.595140561,0
-0.575971478,-1.187502395,1
-0.375628739,-0.783127936,0
-0.387658555,-0.557401226,0
-0.593092747,0.462334277,0
-0.370487337,-0.212851935,0
-0.466626046,1.225100943,1
0.512202892,-0.322158628,0
-0.48350507,0.277162977,0
-0.186596252,0.97330652,0
-0.075618271,0.27518726,0
-1.161231607,0.691839882,1
1.099366624,-0.632120738,1
-1.386041571,-0.159522152,1
-1.284861748,-0.229829428,1
-1.067377497,0.740894323,1
-1.024724447,-0.675109525,1
0.77445806,0.967190901,1
-0.499275044,-1.167853917,1
0.561861425,0.184194098,0
0.893554451,-0.156844995,0
0.898047205,0.917839484,1
-0.839979656,0.1522538,0
0.299796634,-0.228907366,0
-0.71954804,1.128419159,1
-0.657446831,0.667609084,0
-0.570353854,1.193698644,1
0.827357288,-0.47554961,0
-0.458867915,0.301772527,0
-1.208236974,0.718029185,1
0.78502872,-0.95951634,1
-0.876771095,-0.381386393,0
0.841090305,-1.009230281,1
-1.233329743,0.106105337,1
-0.331934762,-1.188536633,1
-0.001695693,-0.478956065,0
1.148146752,-0.466382145,1
0.351547574,-0.667538584,0
-0.771222041,0.989453834,1
-0.412987023,-0.727290477,0
0.506773222,-0.36874686,0
0.607865907,0.74125405,0
0.051049105,-0.186427022,0
1.076008515,-0.80018598,1
-1.33463004,0.315416644,1
-1.386182216,0.063574117,1
1.170322619,0.640786409,1
-0.181608098,-1.372079702,1
0.673031165,0.477492198,0
0.066696788,-0.129989909,0
0.976633971,0.919432364,1
0.893176795,-0.969748553,1
-0.354425464,0.724867449,0
-0.309856525,-1.228003007,1
0.285946856,0.543663233,0
0.614214147,-0.013247341,0
-1.2718807,0.416949489,1
0.676699385,-1.16535213,1
0.757094205,-1.126911291,1
0.347879194,0.446026648,0
0.204283233,-0.91931081,0
-0.507215336,1.220103067,1
-0.584041108,-1.20042984,1
0.773152424,0.954585607,1
0.97302863,0.97070951,1
-0.019055095,0.889859454,0
-0.898193667,-0.206817985,0
0.948482035,0.921885105,1
0.962879885,0.991213697,1
0.92698639,-0.906206274,1
-1.314912451,-0.265604671,1
-0.027951076,1.276245347,1
-1.004392133,-0.835854764,1
0.595878818,-1.156112335,1
-1.27843104,-0.221308983,1
-0.093241541,-0.407132558,0
0.534338184,1.285514501,1
-0.254985423,-0.482112874,0
-0.603750027,-1.181741475,1
-1.347124751,0.227243523,1
-0.312723313,0.039180555,0
0.888142257,-0.231853408,0
1.195002001,0.30447938,1
-1.06674038,0.776610982,1
-0.155022182,0.938161976,0
1.089254633,-0.841613681,1
1.251719357,-0.266633892,1
0.57549486,0.530051705,0
-0.78099887,-1.151344108,1
0.178116954,0.359634913,0
-0.349166013,-0.390445627,0
0.240478397,0.763897944,0
-1.08667329,0.674572246,1
0.951996865,0.909750389,1
0.054239484,0.177107534,0
-0.174195452,1.340107017,1
0.163512369,0.921097256,0
0.919538719,0.970343543,1
-0.738802067,-0.448506214,0
0.683715572,0.132082956,0
-0.910397914,-1.069138427,1
-0.009966251,1.294587751,1
-0.690158067,0.215636174,0
0.912449451,0.966821736,1
-0.763581853,0.987470864,1
-0.83891049,0.44885845,0
0.942403953,0.793362134,1
0.047501227,-0.146976811,0
0.492345104,0.694743233,0
0.902545216,0.919284184,1
-0.375509673,-0.77347116,0
1.388617685,-0.106678164,1
-0.071220029,-1.320133423,1
0.223770405,0.373563808,0
-0.366133556,0.907068939,0
0.971463541,0.868416902,1
-1.288984914,0.134470553,1
0.124774041,0.730585362,0
-0.431526475,-0.090822137,0
0.189206843,0.6671203,0
0.234562797,1.357998119,1
0.957686687,-0.097587153,0
-0.24335736,0.776611473,0
-1.413483036,0.007367348,1
-0.816702867,-1.069070064,1
0.403491143,0.122020518,0
-0.849139854,-1.110545111,1
1.134877142,-0.841317693,1
-0.353014064,0.461464447,0
-0.921393835,-0.817529538,1
0.174897522,1.338432169,1
0.782462276,-0.51576606,0
0.45134058,0.240904997,0
-0.772579343,-1.152525101,1
-0.612191083,-0.748389554,0
0.934181033,0.956503045,1
-1.223114013,-0.138467825,1
-0.583130449,1.129253252,1
0.737841654,0.063404501,0
-1.17944886,0.677205673,1
-0.346197576,0.175020174,0
0.889054365,0.88453122,1
-0.689935777,0.101211405,0
-0.746942705,1.078984853,1
0.885508799,0.972539854,1
1.371805983,0.273687992,1
1.384361346,-0.005337549,1
0.768958264,0.396006745,0
0.299225023,0.452592542,0
-0.861573083,-0.934153806,1
-0.159874717,-0.126411385,0
0.057724252,-0.677079812,0
0.996928162,0.871916896,1
0.679733898,0.036563018,0
-0.846172017,-0.369288983,0
0.295533834,0.332936282,0
0.999409065,0.803687861,1
0.230183979,-0.789343906,0
-0.245747895,-0.928309263,0
1.210544849,-0.526629938,1
-0.711364456,0.191986549,0
0.226231933,-0.739513703,0
-0.586662614,-0.542937476,0
-0.839075867,-0.153670879,0
-0.475191264,0.357760292,0
-0.857403093,-1.004033033,1
-1.282267326,0.096811365,1
-0.852973575,-0.91032034,1
-1.157158334,0.720132272,1
-0.312091623,1.354180812,1
0.484480372,0.151845525,0
-0.844998547,0.958754876,1
-0.595837242,1.160414164,1
-1.373132622,-0.336067703,1
-0.39993333,-0.53170937,0
-0.209385617,0.091535502,0
-0.099489424,0.830802361,0
0.629075664,-0.252272452,0
-0.231468868,-1.30335498,1
-1.190725653,0.735120619,1
0.83522051,0.322460397,0
0.031991016,0.614713419,0
0.688692036,1.174136329,1
1.325168424,-0.351204452,1
0.268438821,0.25784617,0
-1.370703125,-0.111427503,1
-0.862425167,-0.227774965,0
-0.368158735,-0.703487881,0
-1.312321125,0.29854923,1
-0.033290787,0.451742795,0
-1.179687944,-0.723202501,1
-0.022769277,0.020060138,0
-1.060215122,0.68940215,1
-0.489884714,-0.540261415,0
0.047401462,0.342373503,0
0.217563309,0.251041846,0
0.230678411,-0.212010758,0
0.07662772,-1.275465603,1
0.888165882,0.849300086,1
1.377015995,-0.154897663,1
0.99169027,0.981709272,1
1.059326988,-0.660999224,1
0.412897114,-0.905773144,0
-0.26738124,-0.952397372,0
-1.232146536,-0.237751202,1
-0.723455891,-0.665299835,0
-1.139241011,0.753410135,1
0.90272152,0.88848562,1
0.098910834,-1.307528357,1
-0.417473705,0.607788214,0
0.652451073,0.604990642,0
-0.079971341,-0.977025574,0
0.670324827,-0.00257714,0
0.111936399,-0.441925677,0
-0.623952183,0.47248293,0
-0.999499829,-0.979391913,1
0.705960229,-0.526815926,0
0.177176853,-0.259630048,0
0.202821873,-0.339833277,0
-0.487583624,0.320885394,0
0.391973088,-1.333955434,1
0.20602786,0.086666547,0
0.072885299,0.08852746,0
-0.320430317,0.00111254,0
-0.199924844,-0.861792513,0
0.937001654,0.899337628,1
1.049461294,-0.693592243,1
0.502432839,-0.605825919,0
0.593907921,-1.177903378,1
0.877048723,0.353141813,0
0.186405529,-1.400247366,1
1.251519066,-0.589436052,1
-0.206733397,0.188246078,0
0.422645653,0.359606318,0
0.254395438,1.364392723,1
-0.596345942,1.075739351,1
0.992242392,0.905118304,1
-0.054688827,-0.852487324,0
0.976011901,0.802648909,1
-0.161526693,0.560732071,0
-0.73201962,-1.114191361,1
-1.093744436,0.756671745,1
1.397392577,-0.089547199,1
-0.11028428,1.305100134,1
0.906610247,-0.35544102,0
-0.048266785,0.98866161,0
-0.231393261,-0.289070351,0
0.96259958,0.873276053,1
0.184100289,0.725775267,0
-0.188303495,-0.633976157,0
-0.041717504,0.313292663,0
0.801229808,-1.023277097,1
-0.31637816,0.660666191,0
-0.536328083,-0.349012483,0
-0.8437687,0.397542493,0
0.545843371,-1.187834366,1
0.834242947,-1.029790238,1
1.287205538,-0.531546147,1
0.278722388,-1.308302809,1
-0.277304357,-1.298498638,1
-0.623364264,-0.742942065,0
-0.297707151,1.272035979,1
-0.784957166,-1.090135196,1
-0.17770238,1.298534388,1
-0.461050431,-1.331416925,1
0.485473448,-0.552778928,0
0.138601716,0.588209385,0
-1.227421985,-0.360635549,1
-0.806841145,0.195993152,0
0.423825923,-0.157311423,0
-1.251393631,-0.443356811,1
0.95881282,0.954765785,1
0.976158389,0.949148271,1
0.955556757,0.875644981,1
1.006664976,-0.718439463,1
-0.742579992,0.024249812,0
0.29801211,-1.215166749,1
1.286982358,-0.478813138,1
0.173017589,-0.32561458,0
0.287948372,-0.379478666,0
-1.286751573,0.09822056,1
0.126499865,0.134303304,0
0.657954865,1.245346386,1
-1.319813754,0.496639885,1
-0.760018672,-0.514639667,0
0.752501293,-0.559632963,0
0.063006641,-1.269491141,1
0.68830197,-1.141623948,1
0.917990713,-0.894680082,1
0.660374624,-0.247364891,0
0.083873508,0.974801667,0
0.454694865,0.413427289,0
-0.880616881,-0.268284539,0
-0.707540066,0.567916029,0
0.137687578,-0.476828367,0
-1.058155328,0.732911982,1
-0.490413047,0.255055516,0
-0.214596893,-0.541096543,0
0.894941675,0.071452813,0
-0.694746451,-0.449060766,0
-0.166491925,0.772157447,0
-0.104410632,-0.350823759,0
-0.085667652,0.428906578,0
-1.326726551,-0.386001227,1
0.331085612,-0.456834006,0
-0.699190117,0.148382652,0
-1.113735734,0.779784307,1
-0.795422158,0.976377257,1
-1.230154147,0.1782551,1
-0.308839639,1.205345682,1
-0.134804684,-0.516470772,0
-0.175091023,-0.92344318,0
1.307659206,0.492536208,1
0.874112838,0.860352984,1
-0.338971543,-0.80230175,0
-1.217303892,-0.43776081,1
-0.222700251,0.720215908,0
0.541700245,-0.100846094,0
0.77555273,-0.473778925,0
0.212398301,-0.666364088,0
-0.186660585,-0.831593335,0
0.961226593,0.926887179,1
0.919912641,0.835274613,1
-0.807672537,-0.295733296,0
-1.246330474,-0.327463202,1
0.647094294,-0.482608009,0
-0.411353693,0.749878621,0
-0.498299042,-0.687977834,0
0.048447339,0.667916122,0
1.409716986,-0.021896774,1
-0.327593883,1.2975454,1
0.072662806,-0.655105191,0
0.281507695,0.73105083,0
-0.772527278,0.127677836,0
0.978599603,0.990193144,1
0.257792251,0.396799319,0
-0.400530689,-0.11869438,0
0.90618129,-1.056525169,1
-0.868320781,0.963598348,1
-0.173363748,-0.844574513,0
0.978978412,0.913325318,1
0.72272454,0.110353481,0
-0.550530607,-0.223695157,0
-0.359042578,-0.612880967,0
0.872134804,0.930450789,1
-0.232224149,-0.880072696,0
0.875611785,0.86726329,1
0.467068187,0.648198406,0
0.967757666,-0.78675926,1
0.475572934,0.362459281,0
0.789283918,-0.355537709,0
0.166460441,0.620958644,0
0.957033179,0.956418664,1
0.967409055,0.941364124,1
-0.166905457,0.230584995,0
-0.133656302,1.269787473,1
0.875342483,0.867604833,1
0.631188734,0.355073652,0
-1.158480784,-0.635990387,1
-1.016314177,-0.967235564,1
0.059403297,0.315811438,0
-0.736994292,-0.321488866,0
0.680178371,0.52784683,0
0.228563157,-0.343319626,0
0.695554849,-0.703326908,0
0.578867676,-0.733523354,0
-0.690768751,1.09952418,1
0.235274839,-1.365859937,1
-1.1568859,-0.592527574,1
-0.053612127,1.376552127,1
-0.58877848,-0.606907017,0
-1.158079835,-0.777781162,1
-0.200835557,-0.362536973,0
-1.398190058,-0.036202388,1
0.678945351,-0.554253868,0
-0.100131857,-0.568176586,0
0.922770253,0.873358145,1
-0.891001844,1.082731833,1
-1.279901439,0.305067889,1
-0.946107008,0.839492524,1
-0.488544048,0.234758526,0
0.837407333,-0.193207271,0
1.386883815,-0.235741184,1
0.991386555,0.939083175,1
-0.414369438,-0.667829931,0
-1.208979338,-0.354778991,1
0.104813242,0.12788838,0
-0.122821927,-0.261235116,0
-1.253508432,-0.063268263,1
0.902048515,0.969623765,1
-0.476735594,-1.198865334,1
-0.134487299,-0.495860611,0
0.310751276,-1.240474958,1
-1.324255914,0.369103116,1
-0.781219083,0.245231852,0
-0.560996666,1.274487376,1
-0.356835227,0.192491397,0
0.713330262,-0.400964012,0
-0.066663841,-0.664006789,0
0.099095282,0.489763802,0
-0.045228675,-1.261725582,1
0.620922122,-0.308605251,0
-0.893151932,0.024833138,0
-1.373182315,-0.005271383,1
0.988985886,0.8949879,1
0.778080495,0.992295551,1
0.030402798,-0.916284706,0
1.339764299,-0.005053216,1
0.338097719,0.293973053,0
-0.167637503,-0.578057437,0
0.801717227,0.985092834,1
0.262836245,-0.231547333,0
-0.341152902,0.644461934,0
0.611136137,-0.33121579,0
-0.782955304,-1.017049455,1
0.894771677,-0.29678401,0
-1.231271724,0.557516527,1
-0.76827434,-0.123879079,0
-1.306392293,0.496966721,1
-0.57037071,-0.29411542,0
-0.309761148,1.230255581,1
0.898692616,0.866328007,1
0.056302888,-0.906768989,0
0.464839942,0.763957078,0
0.975214675,0.905516201,1
-0.677783986,-1.152787674,1
1.210875446,-0.667901533,1
1.294930973,-0.438028467,1
0.093727369,-0.164592809,0
-0.5816329,0.113904783,0
1.341162245,-0.029817567,1
-0.411755574,0.537709021,0
0.685535709,0.294148634,0
-0.155518319,-1.350207619,1
-0.01938495,-0.486166196,0
0.947426844,0.975536959,1
-0.569582833,-1.094497446,1
1.330285986,-0.279443842,1
-1.380622936,-0.096416088,1
-0.82738953,-0.230125408,0
-0.686202788,-1.030481159,1
0.8160269,-1.1250798,1
0.845964206,0.906196474,1
-0.185816714,0.079127898,0
0.982179897,0.910814968,1
-1.095175016,-0.671041215,1
0.603467984,0.526102466,0
-1.377075409,-0.101172869,1
0.546204506,1.127539294,1
0.168251298,0.196248922,0
-1.230742675,0.467712817,1
0.873013403,0.927833292,1
0.490623919,-0.283732844,0
0.09908965,0.044165572,0
0.275069756,0.24862896,0
0.028572389,-0.176375948,0
-0.880650573,-1.093283379,1
0.505636618,0.635661389,0
-0.272782986,0.930609428,0
-0.843568909,-1.027851982,1
-0.3805153,1.330115879,1
-0.099498285,1.387700336,1
-0.071905788,-0.216512283,0
-0.440060775,-0.182959822,0
-0.333592645,-0.542918773,0
-1.36906401,-0.129409408,1
-0.093584214,-0.238961009,0
-1.311592095,0.463866456,1
0.751946394,0.228669482,0
0.451739235,0.609857169,0
0.285183271,-0.82119682,0
1.205136004,0.738930682,1
-0.137458877,0.684545055,0
0.871504362,0.975111705,1
-0.191446139,0.457567419,0
-1.161362064,-0.530276635,1
-1.372730034,0.273811606,1
0.961610308,0.955932914,1
-1.322789069,-0.398493303,1
0.196679533,-0.290833206,0
-1.195388336,0.52024194,1
-1.272792637,0.36826748,1
0.047118228,-1.383175962,1
-0.325037172,-0.395395888,0
0.960569029,0.797086684,1
-0.408662706,0.303818842,0
0.124873746,-0.987598344,0
-0.448127022,-0.607524763,0
-0.1816909,-0.917131442,0
-0.494169368,-0.868347889,0
-0.487227777,0.108234585,0
-0.335436481,-1.249505244,1
-0.996630602,0.738872341,1
-0.86469146,0.292541814,0
-0.246871045,1.354150233,1
-0.923637327,-0.064818505,0
0.16356991,0.665987216,0
-0.557811744,1.183077206,1
-0.097369702,-0.013457453,0
-0.346276733,-1.228636459,1
-1.244134993,0.589523436,1
0.264236047,-1.335913495,1
-0.076624897,1.390624396,1
0.733610057,-0.515576799,0
1.187584007,0.528398969,1
-0.979029394,0.147363491,0
0.064187087,0.767329511,0
-0.450588846,-0.035782628,0
-0.471655083,-1.326822635,1
-1.285063397,-0.417266166,1
0.597490192,0.335311331,0
0.140517004,-1.349613429,1
-0.193435571,1.282521646,1
-1.064135714,0.66567076,1
-1.236321187,0.57553935,1
-0.442198465,-1.150421564,1
0.79427003,0.948422025,1
0.89785459,0.977465674,1
0.347611906,-0.523070881,0
1.153682654,-0.806842171,1
-0.374451265,-0.395719196,0
0.692531986,0.556669835,0
0.509056796,-1.239814002,1
0.53407185,-1.190398635,1
-0.11725834,0.439564907,0
0.981685051,0.895114947,1
-0.770449807,-1.048552509,1
0.945513496,0.985257277,1
-0.320564531,-1.277853684,1
-0.127273538,-1.330232416,1
-0.79910103,1.029302839,1
-0.226260473,-0.204754496,0
0.073814725,-1.327083216,1
1.297136157,-0.079677926,1
0.93884934,0.988314586,1
0.908675043,0.857942608,1
0.380556574,-0.404781315,0
0.660616825,0.383868601,0
0.387245431,0.142187159,0
-0.566067174,-0.726788796,0
-0.01232414,0.078131163,0
-1.27475141,-0.025812071,1
-0.587219902,0.099789858,0
-0.816327704,-0.495714034,0
0.863987497,0.93499218,1
1.125152326,-0.743478047,1
0.668939363,-0.020179285,0
1.013555405,-0.832434563,1
-0.839555883,0.371277507,0
0.134122933,0.212601533,0
-0.387601479,-0.66825608,0
-0.76524005,-0.152008468,0
0.971905334,0.813433704,1
-0.424964372,0.523679265,0
0.098594093,0.142027248,0
-0.930131568,-1.002829423,1
-1.248893299,0.519173939,1
-0.956131605,0.215025142,0
1.040535509,-0.648756536,1
0.860977917,0.982400695,1
-1.149543957,-0.640519471,1
-0.626239348,0.274025955,0
-1.267046296,0.417138443,1
-0.757198699,1.076926669,1
0.95487376,0.898004125,1
0.859763197,0.90511484,1
1.202881133,-0.397783895,1
-0.752331083,1.049716031,1
-0.680356964,0.425812808,0
-1.404129739,0.076269832,1
0.713574012,0.618337384,0
0.98914491,0.066946258,0
0.662808062,0.330828995,0
0.232794434,-0.172817483,0
-0.833535913,0.135524803,0
0.671202185,0.715212515,0
-0.563762446,-0.262972572,0
-1.298447121,0.190389014,1
0.721987208,0.996332817,1
1.097694644,-0.548566864,1
0.105709427,0.142041122,0
-1.255064952,0.607299663,1
0.106066245,-0.924950306,0
-0.650237714,-1.125292065,1
-0.814203762,1.048099182,1
0.415189611,-0.717170878,0
-1.032285272,-0.721068127,1
0.39363159,-1.34223392,1
0.428751925,-0.31767391,0
0.909671393,0.987228481,1
-0.464651482,-0.20724913,0
-0.285232674,0.677794444,0
0.919364452,0.940773306,1
-0.965899116,-0.144845141,0
-1.373564256,-0.318352543,1
0.231953453,-0.217524047,0
-0.71096321,-1.190483035,1
-1.291872396,0.448094331,1
-0.98168465,0.770521112,1
-0.182770386,0.034000252,0
-0.40619255,1.172040053,1
-0.031596966,-0.646646887,0
-1.096464369,-0.88577769,1
0.880318601,0.874399515,1
0.527039328,-0.081523214,0
-1.078484844,0.69202943,1
-0.398117472,-0.777556394,0
-1.05197886,0.927647723,1
0.214379098,-0.040904594,0
-0.208693822,-0.270710724,0
1.009849085,0.880048604,1
0.9621496,0.860444843,1
1.165230547,0.50274056,1
-0.955390403,1.011089107,1
0.18073776,0.25538674,0
-0.010419198,1.332087793,1
0.855900036,-0.891269901,1
0.132164214,-0.264150263,0
-1.302048751,0.029035021,1
-0.187223596,0.15515012,0
0.958036998,0.809043056,1
0.91022735,0.919820774,1
0.982548371,0.883972173,1
0.982357399,0.899117789,1
-0.249616146,-0.095736946,0
0.59721135,0.29993699,0
-0.802964498,0.362236899,0
-0.145925958,1.261939943,1
-0.423696437,-0.102271221,0
1.219048022,-0.125608804,1
0.042659856,0.378186137,0
0.614788283,-0.13698148,0
-0.914686766,0.246669654,0
-1.112510896,0.566859843,1
-0.249279226,-0.04335528,0
0.765874568,-0.327609397,0
-0.924548197,-0.974024258,1
-0.685257334,1.181839343,1
-1.224491478,0.232141362,1
-0.619338897,0.120959502,0
-0.213344698,0.849263163,0
1.125375696,-0.607173813,1
0.564979571,0.640311825,0
0.631069999,0.089891651,0
0.466596199,-0.883525653,0
-0.424748257,1.269831399,1
-0.21893454,-0.878396682,0
-0.473271348,0.672510565,0
0.252313778,-0.677303071,0
0.642562628,-1.054712434,1
0.307745582,0.138724636,0
-0.526033021,1.155435517,1
-0.808067088,-1.020796054,1
-0.244801616,0.176628568,0
-0.536991948,-0.603923525,0
-0.613146576,1.131858748,1
-1.347507445,0.346791571,1
-0.480196788,0.714824973,0
1.257743721,-0.438527517,1
-0.142525662,-0.94355955,0
-0.787222328,1.08657794,1
0.970567556,0.772059759,1
0.246904447,-0.431417716,0
-0.606573109,0.054190922,0
0.810048557,0.998480789,1
-0.066531123,-1.409605443,1
0.992806278,0.760318893,1
0.080383332,-0.145383292,0
0.032401378,1.306515038,1
-0.532533671,-1.196710247,1
0.90367986,0.926232347,1
0.994781076,0.819915929,1
-1.229825367,-0.430730538,1
0.957740382,0.918902761,1
-0.289087599,-0.272662008,0
0.526569518,1.279222061,1
-0.930890419,1.043494355,1
0.725712401,-0.67118559,0
-0.317646242,-0.755492772,0
0.514668119,-0.773567592,0
-1.098420379,0.655895055,1
-0.394308202,0.58910797,0
-0.450384998,-0.644382865,0
-0.368046179,-0.32661381,0
-0.784028002,-1.025223598,1
0.227327415,-0.718014277,0
-0.426360508,-0.537269345,0
0.991485701,0.804057281,1
0.06490315,-0.678967418,0
0.734341084,0.051331886,0
0.171531937,-0.8429565,0
0.77015216,-0.254727273,0
-0.046082176,0.935673254,0
0.749792594,-0.368773317,0
-0.467376942,-0.071657323,0
0.804329462,0.945558991,1
0.965999463,-0.808755627,1
-0.146741445,-1.265630407,1
-0.251914805,0.436865443,0
-0.063956198,1.298497638,1
0.967442387,0.928483943,1
-1.157495567,-0.52884138,1
0.433418319,-0.504589052,0
0.182141076,0.041819864,0
0.421379792,-1.194755118,1
-0.199875097,-0.215824486,0
-0.180410992,0.731920237,0
-0.074553208,-0.312601428,0
-1.176016706,-0.783247414,1
-0.345545031,-0.038989143,0
-0.670217056,0.280982373,0
-0.157667431,0.725710051,0
-1.280278342,0.369508028,1
-0.119340515,0.905635231,0
-0.321212559,1.325091424,1
-0.595792274,0.639477945,0
0.654932764,-0.616686792,0
0.920755794,0.924647,1
0.662952826,-1.190187431,1
1.386238516,-0.064739073,1
0.174275879,-0.008210473,0
-1.09068792,-0.813333408,1
0.181832375,-1.220523766,1
-0.663994603,0.245722914,0
-1.399536851,0.187288131,1
-0.992329029,-0.885141744,1
0.311477034,-0.293619051,0
0.779522868,-1.052677937,1
0.942218428,0.783468002,1
0.352418341,-0.550461239,0
0.935137785,0.963547653,1
0.042652411,0.635197917,0
-1.188850993,0.67963581,1
0.180616888,0.045051107,0
0.875349143,0.937287495,1
-1.31641935,0.382096562,1
-0.627565554,0.162945862,0
0.586439615,0.675112416,0
-0.324089902,0.558205688,0
0.452202547,1.160265625,1
-0.853882923,-1.11044131,1
0.33087656,-0.30458702,0
0.943631968,-0.871718615,1
1.027449365,-0.874547638,1
-0.4713068,-0.698298631,0
0.290185265,0.317520583,0
-0.143743313,0.902489119,0
-0.63982708,1.07410844,1
-0.69143409,-0.675865475,0
0.530629304,0.832423386,0
0.859675071,0.891295638,1
0.780334854,-1.171162963,1
-0.473467287,0.790474644,0
-0.959543762,-0.97342361,1
-0.1370356,0.889355377,0
0.619471555,0.360636571,0
0.88798408,-0.926017965,1
-0.669866828,-0.314357097,0
-0.04759636,-1.299352353,1
-0.303334047,0.779913064,0
-0.270909342,0.854240379,0
-0.405189863,0.245842671,0
-0.913650329,0.841516727,1
-0.142185157,0.796885714,0
-0.539627955,1.135684459,1
0.20335391,1.353022638,1
-0.512761874,-1.213120604,1
-0.156990311,-0.648398721,0
0.123324939,-0.185859246,0
0.398282228,0.749822209,0
-0.210487466,-1.329353824,1
-0.546629586,0.374514355,0
-0.245977614,-0.351473036,0
0.336699264,0.66238186,0
-0.780657239,-0.989721787,1
-0.153824253,-0.510503691,0
0.25767007,-1.299819539,1
-0.061914165,-0.617482226,0
0.723173479,0.347437646,0
0.555737943,0.184433668,0
-0.321969952,0.269281567,0
0.025027406,-0.930846404,0
0.704190587,-0.111791154,0
0.3896726,-1.274533766,1
-1.214996272,0.187964842,1
0.123932278,0.490357293,0
-0.374277908,-0.018408499,0
-1.147730797,-0.546960511,1
0.949735648,0.777340669,1
0.86601586,0.996594824,1
-1.317070891,0.472049472,1
0.666504916,-1.197541559,1
-1.189002305,0.764464483,1
0.835551536,0.968805179,1
-1.222891334,-0.605297165,1
0.137868992,0.217801594,0
-0.846522541,0.8885239,1
0.228953252,0.64194062,0
-0.547414726,0.581689364,0
-0.487517718,-0.815903072,0
0.995308436,0.960348534,1
-0.461472482,1.156309601,1
0.212163205,0.098518738,0
0.455603462,-0.240586171,0
-0.59971218,0.713978265,0
0.939398362,0.018177534,0
0.151152397,-1.227819077,1
-1.048806817,0.763106606,1
0.62075227,-0.001604517,0
-1.071119238,-0.862748755,1
-0.961824077,0.859314834,1
-0.317712672,-0.613640718,0
0.383306319,0.617279232,0
1.257866142,-0.058300952,1
0.183466416,-0.204266944,0
0.544905898,0.686223463,0
-0.780969024,0.156021262,0
-1.21958634,-0.513497497,1
0.871111122,0.350776745,0
0.969794579,0.756824602,1
-1.185548756,0.556160856,1
0.952792895,-0.181241528,0
0.625003545,-0.398890371,0
-0.590179702,0.554225367,0
-0.490749525,-1.276573515,1
0.308914594,0.726104432,0
-1.302789378,0.118519481,1
-0.368679297,0.798035328,0
-0.544246777,-1.266672554,1
-0.114798765,0.729352854,0
0.764184442,-0.36562428,0
0.959846241,0.95169583,1
0.890515728,0.876874798,1
0.47248215,-1.193873728,1
0.959753343,0.847585717,1
-1.324151395,-0.277116191,1
0.325833629,0.54644944,0
-0.786954569,-1.174239792,1
-1.36318794,0.182504501,1
0.887016991,0.945244937,1
0.525561904,-1.23469511,1
1.310016724,-0.010941649,1
0.411593513,0.602638218,0
-1.30763445,0.228970872,1
-0.136985195,0.501486854,0
0.898486138,0.118155198,0
1.237112962,-0.541899814,1
-0.129830844,1.231256372,1
0.503887773,0.646809666,0
-0.095255984,-0.232990954,0
0.924114332,0.959487406,1
0.926064077,0.999227916,1
0.45163877,0.227712826,0
0.281501559,0.230383067,0
0.159998677,-1.321604359,1
-0.973797941,0.899340436,1
0.42043786,-1.16915596,1
0.239706093,-1.382583491,1
1.264998581,-0.150794051,1
-0.347274143,0.500981032,0
-0.814713264,-0.421630094,0
0.187460806,0.266178839,0
-0.538159537,-0.397532036,0
-0.152662542,1.367323236,1
0.186607262,-1.400308176,1
0.070434315,-1.361427477,1
-0.026231571,0.158782054,0
0.146514911,0.189072174,0
0.269091544,0.749018468,0
-0.788406978,1.076691911,1
0.973195467,0.979675223,1
0.294066334,0.23737302,0
1.08220939,-0.901010413,1
-1.310560534,0.398652295,1
-0.045465557,1.40667098,1
-0.699073135,0.408747115,0
-0.768221793,1.007583618,1
-0.736348964,0.206348816,0
0.056704689,0.521885674,0
-0.577841008,-0.5348593,0
0.848981313,0.96868626,1
0.882453412,0.963365003,1
-0.029494599,0.713013644,0
-0.01145659,1.287951439,1
0.812365841,0.978231188,1
-1.119129482,0.668177515,1
-0.36275067,0.732195803,0
-0.020983987,-0.511686462,0
1.223712508,0.620147913,1
0.489569989,0.192510396,0
0.316747148,-0.681012464,0
0.903371184,-0.305870115,0
-0.489351243,0.709583592,0
-0.061360852,0.474000469,0
0.384493241,-0.824751192,0
1.195476116,-0.387481365,1
0.224277071,0.269054732,0
-0.834188473,-0.225748238,0
-0.039287791,0.172336144,0
-0.236687653,-0.161726626,0
-0.093931513,1.353880715,1
-0.958142755,0.941661462,1
1.307883581,-0.329429376,1
0.870321025,0.865934536,1
0.644458074,-1.204891668,1
-0.250367278,-0.853484528,0
0.811150885,0.019257477,0
0.440035596,0.257613737,0
0.920501892,-0.928923367,1
0.189116883,-0.544796682,0
0.675391177,0.4684682,0
0.663321273,-1.208013595,1
0.976955432,0.947264685,1
-1.217345266,-0.585470796,1
-0.513189942,-1.300389307,1
0.493091226,-0.165890237,0
-0.763738088,-1.187211269,1
-0.01025052,0.91144936,0
-0.483474671,-1.189284132,1
-0.761296861,-1.141641486,1
-0.853663823,-1.087359174,1
-1.150328579,-0.546878375,1
-1.067807375,-0.689658748,1
-0.970959036,0.070676243,0
-0.26210421,0.123598069,0
-0.971931911,-0.84843288,1
-0.172292403,0.0476908,0
-0.142340043,-0.261865485,0
-0.029819655,0.784378948,0
0.734229691,0.571025873,0
-0.900473165,0.07988892,0
-0.161627164,1.301109952,1
1.138090943,-0.648809922,1
0.358816732,-0.787325065,0
-0.911523612,-0.922110008,1
-1.176185924,0.600439561,1
-0.216194031,0.533193578,0
1.107422109,-0.562003187,1
-0.129575077,-0.152413081,0
0.479442042,-0.078589996,0
-0.869473537,-0.870748944,1
0.86798186,0.973804185,1
0.429798836,-1.280410841,1
-1.190619722,0.535098225,1
0.362411462,0.049532579,0
-1.220081676,-0.446624924,1
-1.264874679,-0.058156359,1
0.370362687,0.841560087,0
-0.642141721,-0.169817652,0
-0.491506398,-0.166358399,0
-1.205083459,-0.388949756,1
0.496513273,-0.761217764,0
-0.24798963,-0.195277634,0
1.337098914,-0.127507535,1
0.432642326,0.65549804,0
0.997103055,0.912980686,1
0.648600655,1.179053161,1
-1.239135561,-0.571781017,1
0.507867517,-0.070030807,0
0.899733006,0.857794567,1
-0.610510341,0.301854976,0
-0.266615233,1.259252734,1
-0.708951958,-1.129132528,1
0.024184587,-0.210295563,0
-0.215131362,0.122037746,0
0.125501113,-0.124474626,0
0.780175531,0.337583864,0
0.896717532,0.851273659,1
0.544601691,-1.103801778,1
0.926778696,0.808044024,1
-0.332787501,0.604137412,0
0.07399477,0.684096067,0
-0.178803085,0.707509589,0
0.771933917,0.205674521,0
1.285872815,-0.510021385,1
0.103704197,-0.490030643,0
-0.043151663,1.295016493,1
-1.310041231,-0.371782147,1
-0.697216331,0.073628689,0
0.549308533,0.33042361,0
-0.606488029,1.134521287,1
-0.802687479,-0.971296823,1
-0.188384142,1.25193689,1
0.020535775,0.923675613,0
0.674166204,-1.114902884,1
0.36037177,-0.533398107,0
0.41428599,-1.17464093,1
-0.357326516,0.802453765,0
1.33864741,-0.031551229,1
0.947933121,0.082071207,0
-0.894084159,-0.941901697,1
0.77568503,-0.598752941,0
-0.515891921,-0.126557926,0
0.838969597,0.433260561,0
0.424334784,0.429355789,0
0.08707722,0.802091441,0
-1.214653206,-0.27479561,1
-0.920808587,0.995053362,1
0.166203563,0.622497259,0
0.688975748,-0.151320183,0
-0.928557048,0.930394398,1
0.026794917,-0.939287628,0
-0.180561204,0.946876824,0
-0.635309968,-1.115129025,1
-0.035479243,-0.215160792,0
-0.30201428,-0.097076069,0
1.017131773,-0.96960315,1
0.79783026,0.487603775,0
-0.180845362,-0.41238577,0
-0.352313257,0.755350721,0
1.302561907,-0.215390902,1
0.751744559,-1.162648718,1
0.324709045,-1.320513211,1
0.519855517,-0.846614461,0
0.338955678,0.210145637,0
-0.448828422,-1.265521579,1
-0.210160031,-0.224256826,0
-1.365836965,-0.305599863,1
-0.694925299,-0.586718855,0
-1.176321258,-0.433265774,1
0.345176825,-0.535100713,0
-0.497141615,0.314866395,0
1.337217418,-0.173220536,1
0.429205961,-1.151039624,1
-0.407308829,-1.164983168,1
0.618844588,-1.083336349,1
1.303609158,0.060038552,1
-0.697981446,1.207286634,1
0.155828314,-0.860160621,0
0.623378373,-1.168895534,1
1.117088599,-0.853390122,1
0.119928798,-0.481943618,0
0.509458079,-1.119892505,1
0.824008633,-0.525107423,0
0.552204557,-0.729844842,0
-0.552439402,0.041803716,0
1.249567254,-0.51848102,1
0.864155828,0.88035257,1
1.011637495,-0.779673248,1
0.95293192,0.992632409,1
-1.162541828,0.755558075,1
0.878783505,-1.009910662,1
0.713123097,-0.020214079,0
-0.5231909,-0.767923344,0
0.889252809,-0.966815983,1
-0.623722931,0.099355499,0
1.009186106,-0.911543354,1
-0.063604643,1.2340693,1
0.874881851,-0.90015504,1
0.631280275,-0.541140748,0
0.216848927,-0.570870632,0
-0.109671268,-0.822294902,0
-1.123784139,-0.787986014,1
-0.260521794,-0.739518254,0
-0.002724967,-0.485209409,0
0.176855058,0.957384023,0
1.207597109,-0.609249468,1
-0.080612701,-1.230798526,1
0.265322036,0.924580895,0
-0.839281019,-1.00913163,1
-0.553930469,0.395188197,0
0.532238678,-0.436068113,0
0.777574595,-0.046860129,0
0.106941659,0.616443485,0
-0.723300049,-0.399673228,0
-0.006666322,1.389343943,1
0.818270355,0.920400053,1
0.24965419,-0.732981477,0
-0.37377671,0.259126082,0
-0.649474544,0.308158403,0
-0.934665727,0.808157439,1
1.252887227,-0.466037249,1
0.966262409,-0.768746766,1
-0.712243695,-0.017035552,0
-1.08532973,-0.766262669,1
-0.373988837,0.05462649,0
0.103889481,-0.146310739,0
-0.731731358,0.491313826,0
-0.570625065,-1.141144684,1
0.504163094,1.121297959,1
0.993703836,0.970171693,1
0.980348583,0.845899048,1
-0.377453457,0.148136336,0
0.228218127,-0.037150064,0
0.383633287,1.35918794,1
-0.205688378,0.942823537,0
-0.169418991,-0.897988394,0
0.51276439,-0.33595643,0
0.969005196,0.846884502,1
1.338673326,-0.143636242,1
-1.15867308,0.573974009,1
0.847476045,-0.308260423,0
1.401566638,-0.128173263,1
-1.060479743,-0.717861693,1
0.34800766,0.121658454,0
0.206249147,-1.325191897,1
0.974865594,0.898829641,1
0.40531542,0.104846247,0
-0.30085442,0.629323964,0
0.774047172,-0.333048372,0
0.217067971,-0.077294821,0
-0.881618805,-0.270712007,0
0.781616051,-0.964604928,1
0.132286387,-1.404553352,1
1.212158945,-0.257632258,1
-0.125008309,-0.781515211,0
-1.184847529,-0.686509455,1
-0.226375096,-0.819138186,0
-0.768878785,1.059663773,1
-0.051829837,0.066801543,0
-0.419841266,-0.79665395,0
-1.139128902,0.606695821,1
-0.230400094,0.352997611,0
-1.332427051,-0.152949132,1
-0.614296163,0.462568012,0
0.582432964,0.070684335,0
0.305328176,-1.235567272,1
-1.381765127,-0.194596044,1
-0.209732033,1.382589801,1
-0.500969521,-0.638663435,0
-1.032560625,-0.902255508,1
0.347931382,-1.295947163,1
0.695163039,0.499116013,0
-0.082631947,-1.265897845,1
0.924384377,0.841429187,1
-0.3806837,-0.358936541,0
-0.114950781,0.434472911,0
-1.223953768,0.449499195,1
-0.083038202,-0.641043293,0
0.379516074,-0.438248167,0
0.317479775,0.316428999,0
0.505428142,0.761425887,0
0.117492852,0.640717923,0
0.449174022,-0.72003181,0
-0.72047114,1.088563913,1
-0.824454246,0.189630138,0
0.818204039,0.10022154,0
-0.294470924,0.618449233,0
-0.467570352,0.34400055,0
-7.17E-05,-0.531480909,0
-0.33374517,0.265535504,0
1.208296493,-0.25637799,1
-1.20472352,-0.377150038,1
0.982698717,0.808246104,1
0.744887312,0.998943869,1
0.976874606,0.808546002,1
-0.149844005,0.957735774,0
0.390762082,0.816140103,0
-0.02209398,0.541463939,0
-1.132816786,-0.80652593,1
0.936993229,0.995581707,1
-1.189417551,0.567332799,1
-0.927893469,-0.167922962,0
-0.260144411,-0.065845059,0
-0.668991785,1.074054938,1
-0.084691931,-0.864624096,0
0.895282219,0.840330203,1
0.89775353,0.937630647,1
0.43362875,-0.464328577,0
0.199769227,-0.005703966,0
-0.487738232,1.215777158,1
-0.682443025,-0.61370218,0
0.928260048,0.803803467,1
-0.834027821,-0.898398402,1
-0.68975476,0.003679897,0
-0.122524377,-0.699647031,0
0.080250504,-0.70716148,0
0.884293141,0.847760056,1
-0.386787806,-1.227564355,1
-0.697074655,-1.061258736,1
0.900281177,-0.832430946,1
0.109154212,0.825808858,0
-0.297153274,0.512281312,0
0.831877377,0.955175908,1
-0.733085841,1.111620125,1
-0.810247853,0.236697024,0
0.036212593,-0.116719273,0
0.651349532,0.231237816,0
-1.108846737,0.591498786,1
-0.213423078,0.579011273,0
-1.184568774,-0.715291233,1
0.122864703,-1.3756381,1
-1.063505633,0.864492614,1
-0.897203472,0.149009005,0
0.912132474,0.104011575,0
0.945910683,0.830683238,1
0.815285999,-0.32623027,0
-0.035334839,-0.371050428,0
-1.225616296,-0.516570375,1
0.466495735,-0.472364866,0
0.184323568,-0.310683542,0
-1.304944692,0.524696529,1
0.828160293,0.972556334,1
-0.353060138,0.765365279,0
-0.579555423,-1.183575304,1
0.968135894,0.750795188,1
-0.516196035,1.123881163,1
0.272938794,0.037234634,0
-0.457593607,0.024203195,0
0.016649714,-1.249055803,1
-0.267778438,1.32946756,1
-0.973041011,-0.029955026,0
0.411323,-1.259663179,1
-0.170025432,-0.664774194,0
-0.38223225,-0.867072804,0
0.766687935,-0.594002712,0
0.25820638,-0.299297793,0
0.919416936,0.924232955,1
0.496828429,-0.233003163,0
0.361022049,0.620278427,0
-0.355115709,0.241651307,0
-0.630786464,1.259611609,1
-0.567796068,0.117877744,0
-1.224566702,-0.040110428,1
1.145139886,-0.782721688,1
0.414642717,-1.26798679,1
-0.050071886,-0.754525088,0
-0.750582395,-1.192958768,1
-0.363631661,-0.597408148,0
-0.6585086,-1.196828709,1
-1.353678485,0.001263769,1
0.464285331,-1.294284225,1
0.287228595,-1.345132068,1
0.549959158,-0.685395014,0
0.986436543,-0.830505914,1
-0.781823905,0.229328496,0
-1.054093574,-0.67389101,1
0.030191062,-0.81800799,0
-0.060920774,0.919670477,0
-0.592271887,1.17899651,1
-0.880509799,-0.037478507,0
0.942034303,-0.871729446,1
-0.823384896,-1.091801918,1
-0.002804896,0.817543721,0
-0.599823243,0.010036076,0
0.810842288,-0.36707023,0
1.381435182,-0.061879033,1
0.465248425,-0.736838256,0
-0.467757736,-1.149788665,1
-0.387496244,-0.763434879,0
-0.779420208,1.07077727,1
-0.258374077,-0.101941442,0
1.335128833,0.404657219,1
0.566514392,-0.306731002,0
-1.272376733,0.292415414,1
0.966778102,0.771176882,1
-1.399923522,0.007507878,1
-0.01280106,0.378091429,0
-0.151638523,-0.011815648,0
0.986601813,-0.7577111,1
-1.187586588,-0.761286936,1
-0.818325649,-1.109893857,1
0.366436616,0.369198804,0
0.530872257,0.091498731,0
0.429764594,-0.167776824,0
0.70559396,-0.670155228,0
0.112283962,0.784427891,0
0.441722057,0.0132832,0
-0.135154908,1.326401039,1
0.362465337,-0.906060734,0
0.093370517,0.3073669,0
1.153787368,-0.675335271,1
0.75859557,-0.06535491,0
-1.202809911,-0.248846313,1
0.109755051,0.933759848,0
0.407002351,-0.817138989,0
1.342277571,-0.444379221,1
0.192790415,-0.911931643,0
0.763562157,0.977881747,1
0.909902644,0.822703622,1
0.281052223,-1.297642685,1
-0.387527499,-1.235854389,1
